question,contexts,answer,ground_truth,retrieval_ms,generation_ms
To whom did the Virgin Mary allegedly appear in 1858 in Lourdes France?,"['Next to the Main Building is the Basilica of the Sacred Heart. Immediately behind the basilica is the Grotto, a Marian place of prayer and reflection. It is a replica of the grotto at Lourdes, France where the Virgin Mary reputedly appeared to Saint Bernadette Soubirous in 1858.', 'It seems to have been St Bernard of Clairvaux who, in the 12th century, explicitly raised the question of the Immaculate Conception. A feast of the Conception of the Blessed Virgin had already begun to be celebrated in some churches of the West. St Bernard blames the canons of the metropolitan church of Lyon for instituting such a festival without the permission of the Holy See.', ""The Gospel of Luke begins its account of Mary's life with the Annunciation, when the angel Gabriel appeared to her and announced her divine selection to be the mother of Jesus. According to gospel accounts, Mary was present at the Crucifixion of Jesus and is depicted as a member of the early Christian community in Jerusalem. According to Apocryphal writings, at some time soon after her death, her incorrupt body was assumed directly into Heaven, to be reunited with her soul, and the apostles thereupon found the tomb empty; this is known in Christian teaching as the Assumption."", ""The Qur'an relates detailed narrative accounts of Maryam (Mary) in two places, Qur'an 3:35–47 and 19:16–34. These state beliefs in both the Immaculate Conception of Mary and the Virgin birth of Jesus. The account given in Sura 19 is nearly identical with that in the Gospel according to Luke, and both of these (Luke, Sura 19) begin with an account of the visitation of an angel upon Zakariya (Zecharias) and Good News of the birth of Yahya (John), followed by the account of the annunciation."", 'The Grotto of Our Lady of Lourdes, which was built in 1896, is a replica of the original in Lourdes, France. It is very popular among students and alumni as a place of prayer and meditation, and it is considered one of the most beloved spots on campus.']","According to the text, the Virgin Mary reputedly appeared to Saint Bernadette Soubirous in 1858 in Lourdes, France.",Saint Bernadette Soubirous,602.4388000369072,880.886200000532
The granting of Doctorate degrees first occurred in what year at Notre Dame?,"[""Established to train Congregationalist ministers in theology and sacred languages, by 1777 the school's curriculum began to incorporate humanities and sciences. In the 19th century the school incorporated graduate and professional instruction, awarding the first Ph.D. in the United States in 1861 and organizing as a university in 1887."", 'The university first offered graduate degrees, in the form of a Master of Arts (MA), in the 1854–1855 academic year. The program expanded to include Master of Laws (LL.M.) and Master of Civil Engineering in its early stages of growth, before a formal graduate school education was developed with a thesis not required to receive the degrees. This changed in 1924 with formal requirements developed for graduate degrees, including offering Doctorate (PhD) degrees.', ""In 1919 Father James Burns became president of Notre Dame, and in three years he produced an academic revolution that brought the school up to national standards by adopting the elective system and moving away from the university's traditional scholastic and classical emphasis. By contrast, the Jesuit colleges, bastions of academic conservatism, were reluctant to move to a system of electives. Their graduates were shut out of Harvard Law School for that reason."", ""The College of Arts and Letters was established as the university's first college in 1842 with the first degrees given in 1849. The university's first academic curriculum was modeled after the Jesuit Ratio Studiorum from Saint Louis University. Today the college, housed in O'Shaughnessy Hall, includes 20 departments in the areas of fine arts, humanities, and social sciences, and awards Bachelor of Arts (B.A.) degrees in 33 majors, making it the largest of the university's colleges."", ""served as president from 1946 to 1952. Cavanaugh's legacy at Notre Dame in the post-war years was devoted to raising academic standards and reshaping the university administration to suit it to an enlarged educational mission and an expanded student body and stressing advanced studies and research at a time when Notre Dame quadrupled in student census, undergraduate enrollment increased by more than half, and graduate student enrollment grew fivefold. Cavanaugh also established the Lobund Institute for Animal Studies and Notre Dame's Medieval Institute.""]",Doctorate (PhD) degrees were first offered in 1924.,1924,118.6827999772504,602.5544999865815
When did the first art gallery open in Washington state?,"[""The Henry Art Gallery opened in 1927, the first public art museum in Washington. The Seattle Art Museum (SAM) opened in 1933; SAM opened a museum downtown in 1991 (expanded and reopened 2007); since 1991, the 1933 building has been SAM's Seattle Asian Art Museum (SAAM). SAM also operates the Olympic Sculpture Park (opened 2007) on the waterfront north of the downtown piers."", ""In 2010, the G.R. N'Namdi Gallery opened in a 16,000-square-foot (1,500 m2) complex in Midtown. Important history of America and the Detroit area are exhibited at The Henry Ford in Dearborn, the United States' largest indoor-outdoor museum complex."", 'The Mildred Lane Kemper Art Museum, established in 1881, is one of the oldest teaching museums in the country. The collection includes works from 19th, 20th, and 21st century American and European artists, including George Caleb Bingham, Thomas Cole, Pablo Picasso, Max Ernst, Alexander Calder, Jackson Pollock, Rembrandt, Robert Rauschenberg, Barbara Kruger, and Christian Boltanski. Also in the complex is the 3,000 sq ft (300 m2) Newman Money Museum.', 'Regional ethnic collections include the Nordic Heritage Museum, the Wing Luke Asian Museum and the Northwest African American Museum. Seattle has artist-run galleries, including 10-year veteran Soil Art Gallery, and the newer Crawl Space Gallery.', ""Yale's museum collections are also of international stature. The Yale University Art Gallery, the country's first university-affiliated art museum, contains more than 180,000 works, including Old Masters and important collections of modern art, in the Swartout and Kahn buildings. The latter, Louis Kahn's first large-scale American work (1953), was renovated and reopened in December 2006.""]","The Henry Art Gallery opened in 1927, making it the first public art museum in Washington.",1927,80.81469999160618,673.9263000199571
What can cause your memory to deterioriate or not work as well?,"[""There are many sorts of amnesia, and by studying their different forms, it has become possible to observe apparent defects in individual sub-systems of the brain's memory systems, and thus hypothesize their function in the normally working brain. Other neurological disorders such as Alzheimer's disease and Parkinson's disease can also affect memory and cognition. Hyperthymesia, or hyperthymesic syndrome, is a disorder that affects an individual's autobiographical memory, essentially meaning that they cannot forget small details that otherwise would not be stored."", 'Much of the current knowledge of memory has come from studying memory disorders, particularly amnesia. Loss of memory is known as amnesia. Amnesia can result from extensive damage to: (a) the regions of the medial temporal lobe, such as the hippocampus, dentate gyrus, subiculum, amygdala, the parahippocampal, entorhinal, and perirhinal cortices or the (b) midline diencephalic region, specifically the dorsomedial nucleus of the thalamus and the mammillary bodies of the hypothalamus.', 'However, rather than implicating a specific area, it could be that damage to adjacent areas, or to a pathway traveling through the area is actually responsible for the observed deficit. Further, it is not sufficient to describe memory, and its counterpart, learning, as solely dependent on specific brain regions. Learning and memory are attributed to changes in neuronal synapses, thought to be mediated by long-term potentiation and long-term depression.', 'Hippocampal damage may also cause memory loss and problems with memory storage. This memory loss includes, retrograde amnesia which is the loss of memory for events that occurred shortly before the time of brain damage.', 'Stressful life experiences may be a cause of memory loss as a person ages. Glucocorticoids that are released during stress damage neurons that are located in the hippocampal region of the brain. Therefore, the more stressful situations that someone encounters, the more susceptible they are to memory loss later on.']","According to the text, stressful life experiences and damage to neurons in the hippocampal region of the brain, potentially due to glucocorticoids released during stress, can cause memory loss.",Stress,95.16120003536344,793.0197000969201
What has excessive hunting contributed heavily to?,"[""Hunting is claimed to give resource managers an important tool in managing populations that might exceed the carrying capacity of their habitat and threaten the well-being of other species, or, in some instances, damage human health or safety.[citation needed] However, in most circumstances carrying capacity is determined by a combination habitat and food availability, and hunting for 'population control' has no effect on the annual population of species.[citation needed] In some cases, it can increase the population of predators such as coyotes by removing territorial bounds that would otherwise be established, resulting in excess neighbouring migrations into an area, thus artificially increasing the population. Hunting advocates[who?] assert that hunting reduces intraspecific competition for food and shelter, reducing mortality among the remaining animals. Some environmentalists assert[who?] that (re)introducing predators would achieve the same end with greater efficiency and less negative effect, such as introducing significant amounts of free lead into the environment and food chain."", 'Though some hunting, such as that of muttonbirds, may be sustainable, hunting has led to the extinction or endangerment of dozens of species.', ""However, excessive hunting and poachers have also contributed heavily to the endangerment, extirpation and extinction of many animals, such as the quagga, the great auk, Steller's sea cow, the thylacine, the bluebuck, the Arabian oryx, the Caspian and Javan tigers, the markhor, the Sumatran rhinoceros, the bison, the North American cougar, the Altai argali sheep, the Asian elephant and many more, primarily for commercial sale or sport. All these animals have been hunted to endangerment or extinction."", 'Regulation of hunting within the United States dates from the 19th century. Some modern hunters see themselves as conservationists and sportsmen in the mode of Theodore Roosevelt and the Boone and Crockett Club. Local hunting clubs and national organizations provide hunter education and help protect the future of the sport by buying land for future hunting use.', ""Hunting also has a significant financial impact in the United States, with many companies specialising in hunting equipment or speciality tourism. Many different technologies have been created to assist hunters, even including iPhone applications. Today's hunters come from a broad range of economic, social, and cultural backgrounds.""]","According to the text, excessive hunting and poachers have contributed heavily to the endangerment, extirpation, and extinction of many animals.","the endangerment, extirpation and extinction of many animals",68.42869997490197,668.9288000343367
What is the name of the AFL team based in Tampa Bay?,"['Although the Drive moved to Massachusetts for the 1994 season, the AFL had a number of other teams which it considered ""dynasties"", including the Tampa Bay Storm (the only team that has existed in some form for all twenty-eight contested seasons), their arch-rival the Orlando Predators, the now-defunct San Jose SaberCats of the present decade, and their rivals the Arizona Rattlers.', 'In 2012, the AFL celebrated its silver anniversary for its 25th season of operations. The season kicked off on March 9, 2012. The Tulsa Talons moved to San Antonio, Texas and Jeffrey Vinik became owner of the Tampa Bay Storm.', ""Former Pittsburgh Steelers wide receiver Lynn Swann was one of the team's owners. It was the first time the AFL returned to Pittsburgh since the Pittsburgh Gladiators were an original franchise in 1987 before becoming the Tampa Bay Storm. The Brigade changed its name to the Command, becoming the Kansas City Command."", 'The Carolina Hurricanes NHL hockey team is also located in the city.', ""The city is home to many professional franchises/teams in national competitions including: cricket clubs Melbourne Stars, Melbourne Renegades and Victorian Bushrangers, which play in the Big Bash League and other domestic cricket competitions; soccer clubs Melbourne Victory and Melbourne City FC (known until June 2014 as Melbourne Heart), which play in the A-League competition, both teams play their home games at AAMI Park, with the Victory also playing home games at Etihad Stadium. Rugby league club Melbourne Storm which plays in the NRL competition; rugby union clubs Melbourne Rebels and Melbourne Rising, which play in the Super Rugby and National Rugby Championship competitions respectively; netball club Melbourne Vixens, which plays in the trans-Tasman trophy ANZ Championship; basketball club Melbourne United, which plays in the NBL competition; Bulleen Boomers and Dandenong Rangers, which play in the WNBL; ice hockey teams Melbourne Ice and Melbourne Mustangs, who play in the Australian Ice Hockey League; and baseball club Melbourne Aces, which plays in the Australian Baseball League. Rowing is also a large part of Melbourne's sporting identity, with a number of clubs located on the Yarra River, out of which many Australian Olympians trained.""]",The AFL team based in Tampa Bay is the Tampa Bay Storm.,Storm,84.64979997370392,1285.3820000309497
Which conjugation has about 3500 verbs?,"['The verbs of the second conjugation are fewer than 100, and it is not possible to create new ones, except by compounding.', 'Catalan verbs are traditionally divided into three conjugations, with vowel themes -a-, -e-, -i-, the last two being split into two subtypes. However, this division is mostly theoretical. Only the first conjugation is nowadays productive (with about 3500 common verbs), whereas the third (the subtype of servir, with about 700 common verbs) is semiproductive.', 'The form of the verb varies with person (first, second and third), number (singular and plural), tense (present and past), and mood (indicative, subjunctive and imperative). Old English also sometimes uses compound constructions to express other verbal aspects, the future and the passive voice; in these we see the beginnings of the compound tenses of Modern English. Old English verbs include strong verbs, which form the past tense by altering the root vowel, and weak verbs, which use a suffix such as -de.', 'As in Modern English, and peculiar to the Germanic languages, the verbs formed two great classes: weak (regular), and strong (irregular). Like today, Old English had fewer strong verbs, and many of these have over time decayed into weak forms. Then, as now, dental suffixes indicated the past tense of the weak verbs, as in work and worked.', ""Typical of Slavic languages, Czech marks its verbs for one of two grammatical aspects: perfective and imperfective. Most verbs are part of inflected aspect pairs—for example, koupit (perfective) and kupovat (imperfective). Although the verbs' meaning is similar, in perfective verbs the action is completed and in imperfective verbs it is ongoing.""]",The first conjugation has about 3500 common verbs.,first conjugation,81.2895999988541,687.4812999740243
Which university library is larger than Nanjing University Library?,"['Nanjing Library, founded in 1907, houses more than 10 million volumes of printed materials and is the third largest library in China, after the National Library in Beijing and Shanghai Library. Other libraries, such as city-owned Jinling Library and various district libraries, also provide considerable amount of information to citizens. Nanjing University Library is the second largest university libraries in China after Peking University Library, and the fifth largest nationwide, especially in the number of precious collections.', 'Located on the first floor of Stanford Hall, it is the first branch of the library system to be housed in a dorm room. The library system holds over three million volumes, was the single largest university library in the world upon its completion, and remains one of the 100 largest libraries in the country.', 'The library system of the university is divided between the main library and each of the colleges and schools. The main building is the 14-story Theodore M. Hesburgh Library, completed in 1963, which is the third building to house the main collection of books.', 'The Bibliothèque nationale et universitaire (BNU) is, with its collection of more than 3,000,000 titles, the second largest library in France after the Bibliothèque nationale de France. It was founded by the German administration after the complete destruction of the previous municipal library in 1871 and holds the unique status of being simultaneously a students\' and a national library. The Strasbourg municipal library had been marked erroneously as ""City Hall"" in a French commercial map, which had been captured and used by the German artillery to lay their guns.', 'Nanjing is one of the three Chinese top research centres according to Nature Index.']",Peking University Library is larger than Nanjing University Library.,Peking University Library,85.79759998247027,1201.7366999061778
Which canton is Berne the capital?,"['The city of Bern or Berne (German: Bern, pronounced [bɛrn] ( listen); French: Berne [bɛʁn]; Italian: Berna [ˈbɛrna]; Romansh: Berna  [ˈbɛrnɐ] (help·info); Bernese German: Bärn [b̥æːrn]) is the de facto capital of Switzerland, referred to by the Swiss as their (e.g. in German) Bundesstadt, or ""federal city"".[note 1] With a population of 140,634 (November 2015), Bern is the fifth most populous city in Switzerland. The Bern agglomeration, which includes 36 municipalities, had a population of 406,900 in 2014.', ""The metropolitan area had a population of 660,000 in 2000. Bern is also the capital of the Canton of Bern, the second most populous of Switzerland's cantons."", 'Bern was made the Federal City (seat of the Federal Assembly) within the new Swiss federal state in 1848.', 'In 1353 Bern joined the Swiss Confederacy, becoming one of the eight cantons of the formative period of 1353 to 1481. Bern invaded and conquered Aargau in 1415 and Vaud in 1536, as well as other smaller territories; thereby becoming the largest city-state north of the Alps, by the 18th century comprising most of what is today the canton of Bern and the canton of Vaud.', 'Bern lies on the Swiss plateau in the Canton of Bern, slightly west of the centre of Switzerland and 20 km (12 mi) north of the Bernese Alps. The countryside around Bern was formed by glaciers during the most recent Ice Age. The two mountains closest to Bern are Gurten with a height of 864 m (2,835 ft) and Bantiger with a height of 947 m (3,107 ft).']","Bern is the capital of the Canton of Bern, which is the second most populous of Switzerland's cantons.",Canton of Bern,76.65960001759231,666.2241000449285
Why is it difficult to measure corruption?,"['Measuring corruption statistically is difficult if not impossible due to the illicit nature of the transaction and imprecise definitions of corruption. While ""corruption"" indices first appeared in 1995 with the Corruption Perceptions Index CPI, all of these metrics address different proxies for corruption, such as public perceptions of the extent of the problem.', 'The World Bank collects a range of data on corruption, including survey responses from over 100,000 firms worldwide and a set of indicators of governance and institutional quality. Moreover, one of the six dimensions of governance measured by the Worldwide Governance Indicators is Control of Corruption, which is defined as ""the extent to which power is exercised for private gain, including both petty and grand forms of corruption, as well as \'capture\' of the state by elites and private interests."" While the definition itself is fairly precise, the data aggregated into the Worldwide Governance Indicators is based on any available polling: questions range from ""is corruption a serious problem?"" to measures of public access to information, and not consistent across countries. Despite these weaknesses, the global coverage of these datasets has led to their widespread adoption, most notably by the Millennium Challenge Corporation.', 'More generally, corruption erodes the institutional capacity of government if procedures are disregarded, resources are siphoned off, and public offices are bought and sold. Corruption undermines the legitimacy of government and such democratic values as trust and tolerance. Recent evidence suggests that variation in the levels of corruption amongst high-income democracies can vary significantly depending on the level of accountability of decision-makers.', 'Typical second wave corruption metrics do not offer the worldwide coverage found in first wave projects, and instead focus on localizing information gathered to specific problems and creating deep, ""unpackable""[clarification needed] content that matches quantitative and qualitative data.', 'A number of parties have collected survey data, from the public and from experts, to try and gauge the level of corruption and bribery, as well as its impact on political and economic outcomes. A second wave of corruption metrics has been created by Global Integrity, the International Budget Partnership, and many lesser known local groups. These metrics include the Global Integrity Index, first published in 2004.']",Measuring corruption statistically is difficult because of its illicit nature and imprecise definitions.,imprecise definitions of corruption,75.19089989364147,628.2700999872759
Why is Yiddish not a dialect of German?,"['By way of contrast, although Yiddish is classified by linguists as a language in the ""Middle High German"" group of languages, a Yiddish speaker would not consult a German dictionary to determine the word to use in such a case.', 'For centuries, Jews worldwide have spoken the local or dominant languages of the regions they migrated to, often developing distinctive dialectal forms or branches that became independent languages. Yiddish is the Judæo-German language developed by Ashkenazi Jews who migrated to Central Europe. Ladino is the Judæo-Spanish language developed by Sephardic Jews who migrated to the Iberian peninsula.', 'From the Rhineland to Riga to Romania, most Jews prayed in liturgical Ashkenazi Hebrew, and spoke Yiddish in their secular lives. But with modernization, Yiddishkeit now encompasses not just Orthodoxy and Hasidism, but a broad range of movements, ideologies, practices, and traditions in which Ashkenazi Jews have participated and somehow retained a sense of Jewishness. Although a far smaller number of Jews still speak Yiddish, Yiddishkeit can be identified in manners of speech, in styles of humor, in patterns of association.', 'They were criticized by Sephardim and other Jewish scholars in Islamic lands for their lack of expertise in Jewish jurisprudence (dinim) and general ignorance of Hebrew linguistics and literature. Yiddish emerged as a result of language contact with various High German vernaculars in the medieval period. It was written with Hebrew letters, and heavily influenced by Hebrew and Aramaic.', 'By the Middle Ages, large numbers of Jews lived in the Holy Roman Empire and had assimilated into German culture, including many Jews who had previously assimilated into French culture and had spoken a mixed Judeo-French language. Upon assimilating into German culture, the Jewish German peoples incorporated major parts of the German language and elements of other European languages into a mixed language known as Yiddish. However tolerance and assimilation of Jews in German society suddenly ended during the Crusades with many Jews being forcefully expelled from Germany and Western Yiddish disappeared as a language in Germany over the centuries, with German Jewish people fully adopting the German language.']","Although Yiddish is classified as being in the ""Middle High German"" group of languages, a Yiddish speaker wouldn't consult a German dictionary to determine the word to use.",a Yiddish speaker would not consult a German dictionary,73.6746999900788,1691.8703999835998
Who is the patron saint of the university where the Scholastic Magazine began publishing in 1876?,"[""As at most other universities, Notre Dame's students run a number of news media outlets. The nine student-run outlets include three newspapers, both a radio and television station, and several magazines and journals. Begun as a one-page journal in September 1876, the Scholastic magazine is issued twice monthly and claims to be the oldest continuous collegiate publication in the United States."", 'The faculty of theology at the University of Fribourg, confided to the care of the Dominicans in 1890, is flourishing, and has about 250 students. The Pontificium Collegium Internationale Angelicum, the future Pontifical University of Saint Thomas Aquinas, Angelicum established at Rome in 1908 by Master Hyacinth Cormier, opened its doors to regulars and seculars for the study of the sacred sciences. In addition to the reviews above are the Revue Thomiste, founded by Père Thomas Coconnier (d.', ""Wieschaus. A number of university heads are alumni, including Notre Dame's current president, the Rev. John Jenkins."", ""In 1842, the Bishop of Vincennes, Célestine Guynemer de la Hailandière, offered land to Father Edward Sorin of the Congregation of the Holy Cross, on the condition that he build a college in two years. Fr. Sorin arrived on the site with eight Holy Cross brothers from France and Ireland on November 26, 1842, and began the school using Father Stephen Badin's old log chapel."", 'There are multitudes of religious statues and artwork around campus, most prominent of which are the statue of Mary on the Main Building, the Notre Dame Grotto, and the Word of Life mural on Hesburgh Library depicting Christ as a teacher. Additionally, every classroom displays a crucifix. There are many religious clubs (catholic and non-Catholic) at the school, including Council #1477 of the Knights of Columbus (KOC), Baptist Collegiate Ministry (BCM), Jewish Club, Muslim Student Association, Orthodox Christian Fellowship, The Mormon Club, and many more.']","The most prominent religious statue on campus is of Mary, so she is likely the patron saint of the university.",The Virgin Mary,89.78460007347167,692.955799982883
"What hormones damage the brain region associated with memory loss, and what daily activity helps stabilize those memories?","['Much of the current knowledge of memory has come from studying memory disorders, particularly amnesia. Loss of memory is known as amnesia. Amnesia can result from extensive damage to: (a) the regions of the medial temporal lobe, such as the hippocampus, dentate gyrus, subiculum, amygdala, the parahippocampal, entorhinal, and perirhinal cortices or the (b) midline diencephalic region, specifically the dorsomedial nucleus of the thalamus and the mammillary bodies of the hypothalamus.', 'Brain areas involved in the neuroanatomy of memory such as the hippocampus, the amygdala, the striatum, or the mammillary bodies are thought to be involved in specific types of memory. For example, the hippocampus is believed to be involved in spatial learning and declarative learning, while the amygdala is thought to be involved in emotional memory. Damage to certain areas in patients and animal models and subsequent memory deficits is a primary source of information.', 'Research has shown that direct injections of cortisol or epinephrine help the storage of recent experiences. This is also true for stimulation of the amygdala. This proves that excitement enhances memory by the stimulation of hormones that affect the amygdala.', 'Stress has a significant effect on memory formation and learning. In response to stressful situations, the brain releases hormones and neurotransmitters (ex. glucocorticoids and catecholamines) which affect memory encoding processes in the hippocampus.', ""There are many sorts of amnesia, and by studying their different forms, it has become possible to observe apparent defects in individual sub-systems of the brain's memory systems, and thus hypothesize their function in the normally working brain. Other neurological disorders such as Alzheimer's disease and Parkinson's disease can also affect memory and cognition. Hyperthymesia, or hyperthymesic syndrome, is a disorder that affects an individual's autobiographical memory, essentially meaning that they cannot forget small details that otherwise would not be stored.""]","According to the text, glucocorticoids and catecholamines, released in response to stressful situations, affect memory encoding processes in the hippocampus, and direct injections of cortisol or epinephrine help the storage of recent experiences.","Glucocorticoids damage the hippocampal region, and sleep helps stabilize memories.",73.87920003384352,784.8637999268249
How many years after the Scholastic Magazine began publishing did Notre Dame first formally offer Doctorate degrees?,"[""As at most other universities, Notre Dame's students run a number of news media outlets. The nine student-run outlets include three newspapers, both a radio and television station, and several magazines and journals. Begun as a one-page journal in September 1876, the Scholastic magazine is issued twice monthly and claims to be the oldest continuous collegiate publication in the United States."", ""Established to train Congregationalist ministers in theology and sacred languages, by 1777 the school's curriculum began to incorporate humanities and sciences. In the 19th century the school incorporated graduate and professional instruction, awarding the first Ph.D. in the United States in 1861 and organizing as a university in 1887."", ""The College of Arts and Letters was established as the university's first college in 1842 with the first degrees given in 1849. The university's first academic curriculum was modeled after the Jesuit Ratio Studiorum from Saint Louis University. Today the college, housed in O'Shaughnessy Hall, includes 20 departments in the areas of fine arts, humanities, and social sciences, and awards Bachelor of Arts (B.A.) degrees in 33 majors, making it the largest of the university's colleges."", 'Northwestern admitted its first women students in 1869, and the first woman was graduated in 1874.', 'The university first offered graduate degrees, in the form of a Master of Arts (MA), in the 1854–1855 academic year. The program expanded to include Master of Laws (LL.M.) and Master of Civil Engineering in its early stages of growth, before a formal graduate school education was developed with a thesis not required to receive the degrees. This changed in 1924 with formal requirements developed for graduate degrees, including offering Doctorate (PhD) degrees.']","The Scholastic Magazine began in 1876, and Notre Dame formally offered Doctorate degrees in 1924, which was 48 years later.",48 years,75.11889992747456,797.0329000381753
"When regals recruited low-ranking local tribes for expeditions in British India, what specific global consequence did this type of activity heavily contribute to?","['The British built a large British Indian Army, with the senior officers all British and many of the troops from small minority groups such as Gurkhas from Nepal and Sikhs. The civil service was increasingly filled with natives at the lower levels, with the British holding the more senior positions.', 'During the feudal and colonial times in British India, hunting was regarded as a regal sport in the numerous princely states, as many maharajas and nawabs, as well as British officers, maintained a whole corps of shikaris (big-game hunters), who were native professional hunters. They would be headed by a master of the hunt, who might be styled mir-shikar. Often, they recruited the normally low-ranking local tribes because of their traditional knowledge of the environment and hunting techniques.', 'Traditionally the Rajputs, Jats, Meenas, Gurjars, Bhils, Rajpurohit, Charans, Yadavs, Bishnois, Sermals, PhulMali (Saini) and other tribes made a great contribution in building the state of Rajasthan. All these tribes suffered great difficulties in protecting their culture and the land. Millions of them were killed trying to protect their land.', 'In the following decades the Company gradually increased the size of the territories under its control, either ruling directly or via local rulers under the threat of force from the British Indian Army, the vast majority of which was composed of Indian sepoys.', 'The history of India includes the prehistoric settlements and societies in the Indian subcontinent; the blending of the Indus Valley Civilization and Indo-Aryan culture into the Vedic Civilization; the development of Hinduism as a synthesis of various Indian cultures and traditions; the rise of the Śramaṇa movement; the decline of Śrauta sacrifices and the birth of the initiatory traditions of Jainism, Buddhism, Shaivism, Vaishnavism and Shaktism; the onset of a succession of powerful dynasties and empires for more than two millennia throughout various geographic areas of the subcontinent, including the growth of Muslim dynasties during the Medieval period intertwined with Hindu powers; the advent of European traders resulting in the establishment of the British rule; and the subsequent independence movement that led to the Partition of India and the creation of the Republic of India.']","I'm sorry, I couldn't find that in the database.","The endangerment, extirpation and extinction of many animals.",109.29769999347627,650.4598000319675
"In the city where the Henry Art Gallery opened as a public art museum, what type of transportation system did they later begin to focus on?","[""The best expression of this dynamic was in the regional exhibitions, including that of 1909 held next to the pedestrian avenue L'Albereda (Paseo de la Alameda), which depicted the progress of agriculture and industry. Among the most architecturally successful buildings of the era were those designed in the Art Nouveau style, such as the North Station (Gare du Nord) and the Central and Columbus markets."", ""The Musée d'Orsay, in the former Orsay railway station, was the third-most visited museum in the city in 2014; it displays French art of the 19th century, including major collections of the Impressionists and Post-Impressionists. The original building - a railway station - was constructed for the Universal Exhibition of 1900. The Musée du quai Branly was the fourth-most visited national museum in Paris in 2014; it displays art objects from Africa, Asia, Oceania, and the Americas."", ""The Henry Art Gallery opened in 1927, the first public art museum in Washington. The Seattle Art Museum (SAM) opened in 1933; SAM opened a museum downtown in 1991 (expanded and reopened 2007); since 1991, the 1933 building has been SAM's Seattle Asian Art Museum (SAAM). SAM also operates the Olympic Sculpture Park (opened 2007) on the waterfront north of the downtown piers."", ""In 2010, the G.R. N'Namdi Gallery opened in a 16,000-square-foot (1,500 m2) complex in Midtown. Important history of America and the Detroit area are exhibited at The Henry Ford in Dearborn, the United States' largest indoor-outdoor museum complex."", ""The museum's outdoor park is one of the largest such art parks in the country. The museum facility underwent a major expansion which greatly expanded the exhibit space that was completed in 2010. The 127,000 sf new expansion is designed by NYC architect Thomas Phifer and Partners.""]","I'm sorry, I couldn't find that in the database.",Mass transit.,89.6289999363944,651.8450999865308
